{
   "static_data": {
      "static_strings": [
         {
            "id": 26, 
            "value": "<="
         }, 
         {
            "id": 27, 
            "value": "=>"
         }
      ]
   }, 
   "peer_buffer_layers": [
      {
         "id": 0, 
         "name": "EMM"
      }, 
      {
         "id": 1, 
         "name": "ESM"
      }
   ], 
   "meta": {
      "version_minor": 0, 
      "uuid": "f582efd3-d3b1-4376-a3c9-474abe28372d", 
      "trace_id_size": 2, 
      "version_major": 1, 
      "type_mapping": "id", 
      "trace_type_descriptors": [
         {
            "type": "ascii", 
            "conditions": [
               {
                  "trace_id": 0
               }
            ]
         }, 
         {
            "type": "structured", 
            "conditions": [
               {
                  "trace_id": 5
               }
            ]
         }, 
         {
            "type": "peer", 
            "conditions": [
               {
                  "trace_id": 6
               }
            ]
         }, 
         {
            "type": "buf_dump", 
            "conditions": [
               {
                  "trace_id": 4
               }
            ]
         }, 
         {
            "type": "formatted", 
            "conditions": [
               {
                  "id_range": {
                     "max": 65535, 
                     "min": 63
                  }
               }
            ]
         }, 
         {
            "type": "data_dump", 
            "conditions": [
               {
                  "trace_id": 7
               }
            ]
         }, 
         {
            "type": "peer_dump", 
            "conditions": [
               {
                  "trace_id": 9
               }
            ]
         }
      ], 
      "min_data_size": 1, 
      "endianness": "little", 
      "decoder_config": {
         "protocol_version": 3, 
         "masters": [
            {
               "timestamp_frequency": 32768, 
               "id": 96, 
               "timestamp_max": 4294967295, 
               "aliases": [
                  97, 
                  98, 
                  99
               ]
            }
         ]
      }, 
      "id": 96
   }, 
   "peer_buffers": [
      {
         "direction": "DL", 
         "name": "NAS_PDU_UNKNOWN_EMM_MESSAGE", 
         "layer": 0, 
         "type": "NAS_PDU", 
         "id": 0, 
         "description": "UNKNOWN MESSAGE"
      }, 
      {
         "direction": "UL", 
         "name": "NAS_PDU_ATTACH_REQUEST", 
         "layer": 0, 
         "type": "NAS_PDU", 
         "id": 65, 
         "description": "ATTACH REQUEST"
      }, 
      {
         "direction": "DL", 
         "name": "NAS_PDU_ATTACH_ACCEPT", 
         "layer": 0, 
         "type": "NAS_PDU", 
         "id": 66, 
         "description": "ATTACH ACCEPT"
      }, 
      {
         "direction": "UL", 
         "name": "NAS_PDU_ATTACH_COMPLETE", 
         "layer": 0, 
         "type": "NAS_PDU", 
         "id": 67, 
         "description": "ATTACH COMPLETE"
      }, 
      {
         "direction": "DL", 
         "name": "NAS_PDU_ATTACH_REJECT", 
         "layer": 0, 
         "type": "NAS_PDU", 
         "id": 68, 
         "description": "ATTACH REJECT"
      }, 
      {
         "direction": "UL", 
         "name": "NAS_PDU_DETACH_REQUEST", 
         "layer": 0, 
         "type": "NAS_PDU", 
         "id": 69, 
         "description": "DETACH REQUEST"
      }, 
      {
         "direction": "UL", 
         "name": "NAS_PDU_DETACH_ACCEPT", 
         "layer": 0, 
         "type": "NAS_PDU", 
         "id": 70, 
         "description": "DETACH ACCEPT"
      }, 
      {
         "direction": "UL", 
         "name": "NAS_PDU_TAU_REQUEST", 
         "layer": 0, 
         "type": "NAS_PDU", 
         "id": 72, 
         "description": "TAU REQUEST"
      }, 
      {
         "direction": "DL", 
         "name": "NAS_PDU_TAU_ACCEPT", 
         "layer": 0, 
         "type": "NAS_PDU", 
         "id": 73, 
         "description": "TAU ACCEPT"
      }, 
      {
         "direction": "UL", 
         "name": "NAS_PDU_TAU_COMPLETE", 
         "layer": 0, 
         "type": "NAS_PDU", 
         "id": 74, 
         "description": "TAU COMPLETE"
      }, 
      {
         "direction": "DL", 
         "name": "NAS_PDU_TAU_REJECT", 
         "layer": 0, 
         "type": "NAS_PDU", 
         "id": 75, 
         "description": "TAU REJECT"
      }, 
      {
         "direction": "UL", 
         "name": "NAS_PDU_EXTENDED_SERVICE_REQUEST", 
         "layer": 0, 
         "type": "NAS_PDU", 
         "id": 76, 
         "description": "EXTENDED SERVICE REQUEST"
      }, 
      {
         "direction": "UL", 
         "name": "NAS_PDU_CONTROL_PLANE_SERVICE_REQUEST", 
         "layer": 0, 
         "type": "NAS_PDU", 
         "id": 77, 
         "description": "CONTROL PLANE SERVICE REQUEST"
      }, 
      {
         "direction": "DL", 
         "name": "NAS_PDU_SERVICE_REJECT", 
         "layer": 0, 
         "type": "NAS_PDU", 
         "id": 78, 
         "description": "SERVICE REJECT"
      }, 
      {
         "direction": "DL", 
         "name": "NAS_PDU_SERVICE_ACCEPT", 
         "layer": 0, 
         "type": "NAS_PDU", 
         "id": 79, 
         "description": "SERVICE ACCEPT"
      }, 
      {
         "direction": "DL", 
         "name": "NAS_PDU_GUTI_REALLOCATION_COMMAND", 
         "layer": 0, 
         "type": "NAS_PDU", 
         "id": 80, 
         "description": "GUTI REALLOCATION COMMAND"
      }, 
      {
         "direction": "UL", 
         "name": "NAS_PDU_GUTI_REALLOCATION_COMPLETE", 
         "layer": 0, 
         "type": "NAS_PDU", 
         "id": 81, 
         "description": "GUTI REALLOCATION COMPLETE"
      }, 
      {
         "direction": "DL", 
         "name": "NAS_PDU_AUTHENTICATION_REQUEST", 
         "layer": 0, 
         "type": "NAS_PDU", 
         "id": 82, 
         "description": "AUTHENTICATION REQUEST"
      }, 
      {
         "direction": "UL", 
         "name": "NAS_PDU_AUTHENTICATION_RESPONSE", 
         "layer": 0, 
         "type": "NAS_PDU", 
         "id": 83, 
         "description": "AUTHENTICATION RESPONSE"
      }, 
      {
         "direction": "DL", 
         "name": "NAS_PDU_AUTHENTICATION_REJECT", 
         "layer": 0, 
         "type": "NAS_PDU", 
         "id": 84, 
         "description": "AUTHENTICATION REJECT"
      }, 
      {
         "direction": "DL", 
         "name": "NAS_PDU_IDENTITY_REQUEST", 
         "layer": 0, 
         "type": "NAS_PDU", 
         "id": 85, 
         "description": "IDENTITY REQUEST"
      }, 
      {
         "direction": "UL", 
         "name": "NAS_PDU_IDENTITY_RESPONSE", 
         "layer": 0, 
         "type": "NAS_PDU", 
         "id": 86, 
         "description": "IDENTITY RESPONSE"
      }, 
      {
         "direction": "UL", 
         "name": "NAS_PDU_AUTHENTICATION_FAILURE", 
         "layer": 0, 
         "type": "NAS_PDU", 
         "id": 92, 
         "description": "AUTHENTICATION FAILURE"
      }, 
      {
         "direction": "DL", 
         "name": "NAS_PDU_SECURITY_MODE_COMMAND", 
         "layer": 0, 
         "type": "NAS_PDU", 
         "id": 93, 
         "description": "SECURITY MODE COMMAND"
      }, 
      {
         "direction": "UL", 
         "name": "NAS_PDU_SECURITY_MODE_COMPLETE", 
         "layer": 0, 
         "type": "NAS_PDU", 
         "id": 94, 
         "description": "SECURITY MODE COMPLETE"
      }, 
      {
         "direction": "DL", 
         "name": "NAS_PDU_SECURITY_MODE_REJECT", 
         "layer": 0, 
         "type": "NAS_PDU", 
         "id": 95, 
         "description": "SECURITY MODE REJECT"
      }, 
      {
         "direction": "DL", 
         "name": "NAS_PDU_EMM_STATUS", 
         "layer": 0, 
         "type": "NAS_PDU", 
         "id": 96, 
         "description": "EMM STATUS"
      }, 
      {
         "direction": "DL", 
         "name": "NAS_PDU_EMM_INFORMATION", 
         "layer": 0, 
         "type": "NAS_PDU", 
         "id": 97, 
         "description": "EMM INFORMATION"
      }, 
      {
         "direction": "DL", 
         "name": "NAS_PDU_DOWNLINK_NAS_TRANSPORT", 
         "layer": 0, 
         "type": "NAS_PDU", 
         "id": 98, 
         "description": "DOWNLINK NAS TRANSPORT"
      }, 
      {
         "direction": "UL", 
         "name": "NAS_PDU_UPLINK_NAS_TRANSPORT", 
         "layer": 0, 
         "type": "NAS_PDU", 
         "id": 99, 
         "description": "UPLINK NAS TRANSPORT"
      }, 
      {
         "direction": "DL", 
         "name": "NAS_PDU_CS_SERVICE_NOTIFICAITON", 
         "layer": 0, 
         "type": "NAS_PDU", 
         "id": 100, 
         "description": "CS SERVICE NOTIFICATION"
      }, 
      {
         "direction": "DL", 
         "name": "NAS_PDU_DOWNLINK_GENERIC_NAS_TRANSPORT", 
         "layer": 0, 
         "type": "NAS_PDU", 
         "id": 104, 
         "description": "DOWNLINK GENERIC NAS TRANSPORT"
      }, 
      {
         "direction": "UL", 
         "name": "NAS_PDU_UPLINK_GENERIC_NAS_TRANSPORT", 
         "layer": 0, 
         "type": "NAS_PDU", 
         "id": 105, 
         "description": "UPLINK GENERIC NAS TRANSPORT"
      }, 
      {
         "direction": "DL", 
         "name": "NAS_PDU_CLOSE_TEST_LOOP", 
         "layer": 0, 
         "type": "NAS_PDU", 
         "id": 128, 
         "description": "CLOSE TEST LOOP"
      }, 
      {
         "direction": "UL", 
         "name": "NAS_PDU_CLOSE_TEST_LOOP_COMPLETE", 
         "layer": 0, 
         "type": "NAS_PDU", 
         "id": 129, 
         "description": "CLOSE TEST LOOP COMPLETE"
      }, 
      {
         "direction": "DL", 
         "name": "NAS_PDU_OPEN_TEST_LOOP", 
         "layer": 0, 
         "type": "NAS_PDU", 
         "id": 130, 
         "description": "OPEN TEST LOOP"
      }, 
      {
         "direction": "UL", 
         "name": "NAS_PDU_OPEN_TEST_LOOP_COMPLETE", 
         "layer": 0, 
         "type": "NAS_PDU", 
         "id": 131, 
         "description": "OPEN TEST LOOP COMPLETE"
      }, 
      {
         "direction": "DL", 
         "name": "NAS_PDU_ACTIVATE_TEST_MODE", 
         "layer": 0, 
         "type": "NAS_PDU", 
         "id": 132, 
         "description": "ACTIVATE TEST MODE"
      }, 
      {
         "direction": "UL", 
         "name": "NAS_PDU_ACTIVATE_TEST_MODE_COMPLETE", 
         "layer": 0, 
         "type": "NAS_PDU", 
         "id": 133, 
         "description": "ACTIVATE TEST MODE COMPLETE"
      }, 
      {
         "direction": "DL", 
         "name": "NAS_PDU_DEACTIVATE_TEST_MODE", 
         "layer": 0, 
         "type": "NAS_PDU", 
         "id": 134, 
         "description": "DEACTIVATE TEST MODE"
      }, 
      {
         "direction": "UL", 
         "name": "NAS_PDU_DEACTIVATE_TEST_MODE_COMPLETE", 
         "layer": 0, 
         "type": "NAS_PDU", 
         "id": 135, 
         "description": "DEACTIVATE TEST MODE COMPLETE"
      }, 
      {
         "direction": "UL", 
         "name": "NAS_PDU_ATTACH_REQUEST_W_PDN_CONNECTIVITY_REQUEST", 
         "layer": 0, 
         "type": "NAS_PDU", 
         "id": 241, 
         "description": "ATTACH REQUEST(PDN CONNECTIVITY REQUEST)"
      }, 
      {
         "direction": "DL", 
         "name": "NAS_PDU_ATTACH_ACCEPT_W_ACTIVATE_DEFAULT_EPS_BEARER_CONTEXT_REQUEST", 
         "layer": 0, 
         "type": "NAS_PDU", 
         "id": 242, 
         "description": "ATTACH ACCEPT(ACTIVATE DEFAULT EPS BEARER CONTEXT REQUEST)"
      }, 
      {
         "direction": "UL", 
         "name": "NAS_PDU_ATTACH_COMPLETE_W_ACTIVATE_DEFAULT_EPS_BEARER_CONTEXT_ACCEPT", 
         "layer": 0, 
         "type": "NAS_PDU", 
         "id": 243, 
         "description": "ATTACH COMPLETE(ACTIVATE DEFAULT EPS BEARER CONTEXT ACCEPT)"
      }, 
      {
         "direction": "DL", 
         "name": "NAS_PDU_ATTACH_REJECT_W_PDN_CONNECTIVITY_REJECT", 
         "layer": 0, 
         "type": "NAS_PDU", 
         "id": 244, 
         "description": "ATTACH REJECT(PDN CONNECTIVITY REJECT)"
      }, 
      {
         "direction": "DL", 
         "name": "NAS_PDU_DETACH_REQUEST_DOWNLINK", 
         "layer": 0, 
         "type": "NAS_PDU", 
         "id": 245, 
         "description": "DETACH REQUEST"
      }, 
      {
         "direction": "DL", 
         "name": "NAS_PDU_DETACH_ACCEPT_DOWNLINK", 
         "layer": 0, 
         "type": "NAS_PDU", 
         "id": 246, 
         "description": "DETACH ACCEPT"
      }, 
      {
         "direction": "UL", 
         "name": "NAS_PDU_CONTROL_SERVICE_REQUEST_W_UPLINK_NAS_TRANSPORT", 
         "layer": 0, 
         "type": "NAS_PDU", 
         "id": 247, 
         "description": "CONTROL PLANE SERVICE REQUEST(UPLINK NAS TRANSPORT)"
      }, 
      {
         "direction": "UL", 
         "name": "NAS_PDU_CONTROL_SERVICE_REQUEST_W_NAS_PDU_ESM_DATA_TRANSPORT", 
         "layer": 0, 
         "type": "NAS_PDU", 
         "id": 248, 
         "description": "CONTROL PLANE SERVICE REQUEST(ESM DATA TRANSPORT)"
      }, 
      {
         "direction": "UL", 
         "name": "NAS_PDU_UPLINK_ESM_MESSAGE", 
         "layer": 0, 
         "type": "NAS_PDU", 
         "id": 254, 
         "description": "UPLINK ESM MESSAGE"
      }, 
      {
         "direction": "UL", 
         "name": "NAS_PDU_SERVICE_REQUEST", 
         "layer": 0, 
         "type": "NAS_PDU", 
         "id": 255, 
         "description": "EMM SERVICE REQUEST"
      }, 
      {
         "direction": "DL", 
         "name": "NAS_PDU_UNKNOWN_ESM_MESSAGE", 
         "layer": 1, 
         "type": "NAS_PDU", 
         "id": 0, 
         "description": "UNKNOWN MESSAGE"
      }, 
      {
         "direction": "DL", 
         "name": "NAS_PDU_ACTIVATE_DEFAULT_EPS_BEARER_CONTEXT_REQUEST", 
         "layer": 1, 
         "type": "NAS_PDU", 
         "id": 193, 
         "description": "ACTIVATE DEFAULT EPS BEARER CONTEXT REQUEST"
      }, 
      {
         "direction": "UL", 
         "name": "NAS_PDU_ACTIVATE_DEFAULT_EPS_BEARER_CONTEXT_ACCEPT", 
         "layer": 1, 
         "type": "NAS_PDU", 
         "id": 194, 
         "description": "ACTIVATE DEFAULT EPS BEARER CONTEXT ACCEPT"
      }, 
      {
         "direction": "UL", 
         "name": "NAS_PDU_ACTIVATE_DEFAULT_EPS_BEARER_CONTEXT_REJECT", 
         "layer": 1, 
         "type": "NAS_PDU", 
         "id": 195, 
         "description": "ACTIVATE DEFAULT EPS BEARER CONTEXT REJECT"
      }, 
      {
         "direction": "DL", 
         "name": "NAS_PDU_ACTIVATE_DEDICATED_EPS_BEARER_CONTEXT_REQUEST", 
         "layer": 1, 
         "type": "NAS_PDU", 
         "id": 197, 
         "description": "ACTIVATE DEDICATED EPS BEARER CONTEXT REQUEST"
      }, 
      {
         "direction": "UL", 
         "name": "NAS_PDU_ACTIVATE_DEDICATED_EPS_BEARER_CONTEXT_ACCEPT", 
         "layer": 1, 
         "type": "NAS_PDU", 
         "id": 198, 
         "description": "ACTIVATE DEDICATED EPS BEARER CONTEXT ACCEPT"
      }, 
      {
         "direction": "UL", 
         "name": "NAS_PDU_ACTIVATE_DEDICATED_EPS_BEARER_CONTEXT_REJECT", 
         "layer": 1, 
         "type": "NAS_PDU", 
         "id": 199, 
         "description": "ACTIVATE DEDICATED EPS BEARER CONTEXT REJECT"
      }, 
      {
         "direction": "DL", 
         "name": "NAS_PDU_MODIFY_EPS_BEARER_CONTEXT_REQUEST", 
         "layer": 1, 
         "type": "NAS_PDU", 
         "id": 201, 
         "description": "MODIFY EPS BEARER CONTEXT REQUEST"
      }, 
      {
         "direction": "UL", 
         "name": "NAS_PDU_MODIFY_EPS_BEARER_CONTEXT_ACCEPT", 
         "layer": 1, 
         "type": "NAS_PDU", 
         "id": 202, 
         "description": "MODIFY EPS BEARER CONTEXT ACCEPT"
      }, 
      {
         "direction": "UL", 
         "name": "NAS_PDU_MODIFY_EPS_BEARER_CONTEXT_REJECT", 
         "layer": 1, 
         "type": "NAS_PDU", 
         "id": 203, 
         "description": "MODIFY EPS BEARER CONTEXT REJECT"
      }, 
      {
         "direction": "DL", 
         "name": "NAS_PDU_DEACTIVATE_EPS_BEARER_CONTEXT_REQUEST", 
         "layer": 1, 
         "type": "NAS_PDU", 
         "id": 205, 
         "description": "DEACTIVATE EPS BEARER CONTEXT REQUEST"
      }, 
      {
         "direction": "UL", 
         "name": "NAS_PDU_DEACTIVATE_EPS_BEARER_CONTEXT_ACCEPT", 
         "layer": 1, 
         "type": "NAS_PDU", 
         "id": 206, 
         "description": "DEACTIVATE EPS BEARER CONTEXT ACCEPT"
      }, 
      {
         "direction": "UL", 
         "name": "NAS_PDU_PDN_CONNECTIVITY_REQUEST", 
         "layer": 1, 
         "type": "NAS_PDU", 
         "id": 208, 
         "description": "PDN CONNECTIVITY REQUEST"
      }, 
      {
         "direction": "DL", 
         "name": "NAS_PDU_PDN_CONNECTIVITY_REJECT", 
         "layer": 1, 
         "type": "NAS_PDU", 
         "id": 209, 
         "description": "PDN CONNECTIVITY REJECT"
      }, 
      {
         "direction": "UL", 
         "name": "NAS_PDU_PDN_DISCONNECT_REQUEST", 
         "layer": 1, 
         "type": "NAS_PDU", 
         "id": 210, 
         "description": "PDN DISCONNECT REQUEST"
      }, 
      {
         "direction": "DL", 
         "name": "NAS_PDU_PDN_DISCONNECT_REJECT", 
         "layer": 1, 
         "type": "NAS_PDU", 
         "id": 211, 
         "description": "PDN DISCONNECT REJECT"
      }, 
      {
         "direction": "UL", 
         "name": "NAS_PDU_BEARER_RESOURCE_ALLOCATION_REQUEST", 
         "layer": 1, 
         "type": "NAS_PDU", 
         "id": 212, 
         "description": "BEARER RESOURCE ALLOCATION REQUEST"
      }, 
      {
         "direction": "DL", 
         "name": "NAS_PDU_BEARER_RESOURCE_ALLOCATION_REJECT", 
         "layer": 1, 
         "type": "NAS_PDU", 
         "id": 213, 
         "description": "BEARER RESOURCE ALLOCATION REJECT"
      }, 
      {
         "direction": "UL", 
         "name": "NAS_PDU_BEARER_RESOURCE_MODIFICATION_REQUEST", 
         "layer": 1, 
         "type": "NAS_PDU", 
         "id": 214, 
         "description": "BEARER RESOURCE MODIFICATION REQUEST"
      }, 
      {
         "direction": "DL", 
         "name": "NAS_PDU_BEARER_RESOURCE_MODIFICATION_REJECT", 
         "layer": 1, 
         "type": "NAS_PDU", 
         "id": 215, 
         "description": "BEARER RESOURCE MODIFICATION REJECT"
      }, 
      {
         "direction": "DL", 
         "name": "NAS_PDU_ESM_INFORMATION_REQUEST", 
         "layer": 1, 
         "type": "NAS_PDU", 
         "id": 217, 
         "description": "ESM INFORMATION REQUEST"
      }, 
      {
         "direction": "UL", 
         "name": "NAS_PDU_ESM_INFORMATION_RESPONSE", 
         "layer": 1, 
         "type": "NAS_PDU", 
         "id": 218, 
         "description": "ESM INFORMATION RESPONSE"
      }, 
      {
         "direction": "DL", 
         "name": "NAS_PDU_NOTIFICATION", 
         "layer": 1, 
         "type": "NAS_PDU", 
         "id": 219, 
         "description": "NOTIFICATION"
      }, 
      {
         "direction": "DL", 
         "name": "NAS_PDU_ESM_DUMMY_MESSAGE", 
         "layer": 1, 
         "type": "NAS_PDU", 
         "id": 220, 
         "description": "ESM DUMMY MESSAGE"
      }, 
      {
         "direction": "UL", 
         "name": "NAS_PDU_ESM_STATUS", 
         "layer": 1, 
         "type": "NAS_PDU", 
         "id": 232, 
         "description": "ESM STATUS"
      }, 
      {
         "direction": "UL", 
         "name": "NAS_PDU_ESM_DATA_TRANSPORT", 
         "layer": 1, 
         "type": "NAS_PDU", 
         "id": 235, 
         "description": "ESM DATA TRANSPORT"
      }, 
      {
         "direction": "DL", 
         "name": "NAS_PDU_ESM_STATUS_DOWNLINK", 
         "layer": 1, 
         "type": "NAS_PDU", 
         "id": 248, 
         "description": "ESM STATUS"
      }, 
      {
         "direction": "DL", 
         "name": "NAS_PDU_ESM_DATA_TRANSPORT_DOWNLINK", 
         "layer": 1, 
         "type": "NAS_PDU", 
         "id": 251, 
         "description": "ESM DATA TRANSPORT"
      }
   ], 
   "traces": [
      {
         "format_items": [
            {
               "type": "c_str"
            }
         ], 
         "format": "FW version %s", 
         "label": "EXTERNAL_FW_VERSION", 
         "id": 6015
      }, 
      {
         "format_items": [
            {
               "type": "c_str"
            }
         ], 
         "format": "FW product ID %s", 
         "label": "EXTERNAL_FW_PRODUCT_ID", 
         "id": 6016
      }, 
      {
         "format_items": [
            {
               "type": "static_c_str", 
               "reference": 26
            }, 
            {
               "type": "c_str"
            }
         ], 
         "format": "AT_STRING %s %s", 
         "label": "L23_AT_STRING", 
         "id": 7232
      }, 
      {
         "format_items": [
            {
               "type": "static_c_str", 
               "reference": 26
            }, 
            {
               "type": "c_str"
            }
         ], 
         "format": "AT_STRING %s %s", 
         "label": "L23_AT_STRING", 
         "id": 7233
      }, 
      {
         "format_items": [
            {
               "type": "static_c_str", 
               "reference": 26
            }, 
            {
               "type": "c_str"
            }
         ], 
         "format": "AT_STRING %s %s", 
         "label": "L23_AT_STRING", 
         "id": 7234
      }, 
      {
         "format_items": [
            {
               "type": "static_c_str", 
               "reference": 26
            }, 
            {
               "type": "c_str"
            }
         ], 
         "format": "AT_STRING %s %s", 
         "label": "L23_AT_STRING", 
         "id": 7238
      }, 
      {
         "format_items": [
            {
               "type": "static_c_str", 
               "reference": 26
            }, 
            {
               "type": "c_str"
            }
         ], 
         "format": "AT_STRING %s %s", 
         "label": "L23_AT_STRING", 
         "id": 7240
      }, 
      {
         "format_items": [
            {
               "type": "static_c_str", 
               "reference": 26
            }, 
            {
               "type": "c_str"
            }
         ], 
         "format": "AT_STRING %s %s", 
         "label": "L23_AT_STRING", 
         "id": 7241
      }, 
      {
         "format_items": [
            {
               "type": "static_c_str", 
               "reference": 26
            }, 
            {
               "type": "c_str"
            }
         ], 
         "format": "AT_STRING %s %s", 
         "label": "L23_AT_STRING", 
         "id": 7242
      }, 
      {
         "format_items": [
            {
               "type": "static_c_str", 
               "reference": 26
            }, 
            {
               "type": "c_str"
            }
         ], 
         "format": "AT_STRING %s %s", 
         "label": "L23_AT_STRING", 
         "id": 7243
      }, 
      {
         "format_items": [
            {
               "type": "static_c_str", 
               "reference": 27
            }, 
            {
               "type": "c_str"
            }
         ], 
         "format": "AT_STRING %s %s", 
         "label": "L23_AT_STRING", 
         "id": 7250
      }, 
      {
         "format_items": [
            {
               "type": "static_c_str", 
               "reference": 27
            }, 
            {
               "type": "c_str"
            }
         ], 
         "format": "AT_STRING %s %s", 
         "label": "L23_AT_STRING", 
         "id": 7251
      }, 
      {
         "format_items": [
            {
               "type": "static_c_str", 
               "reference": 27
            }, 
            {
               "type": "c_str"
            }
         ], 
         "format": "AT_STRING %s %s", 
         "label": "L23_AT_STRING", 
         "id": 7252
      }, 
      {
         "format_items": [
            {
               "type": "static_c_str", 
               "reference": 27
            }, 
            {
               "type": "c_str"
            }
         ], 
         "format": "AT_STRING %s %s", 
         "label": "L23_AT_STRING", 
         "id": 7253
      }, 
      {
         "format_items": [
            {
               "type": "static_c_str", 
               "reference": 27
            }, 
            {
               "type": "c_str"
            }
         ], 
         "format": "AT_STRING %s %s", 
         "label": "L23_AT_STRING", 
         "id": 7256
      }
   ], 
   "buffers": []
}